ds,yhat1
2020-03-31,
2020-04-01,5267.201
2020-04-02,5217.79
2020-04-03,5151.581
2020-04-04,5230.444
2020-04-05,5305.909
2020-04-06,5379.5034
2020-04-07,5465.592
2020-04-08,5393.195
2020-04-09,5361.743
2020-04-10,5318.464
2020-04-11,5291.7075
2020-04-12,5267.1055
2020-04-13,5241.856
2020-04-14,5230.277
2020-04-15,5246.603
2020-04-16,5206.8047
2020-04-17,4973.681
2020-04-18,5143.4004
2020-04-19,5120.7407
2020-04-20,5097.2256
2020-04-21,5086.842
2020-04-22,4990.8364
2020-04-23,4964.631
2020-04-24,4935.9097
2020-04-25,4742.541
2020-04-26,4753.903
2020-04-27,4764.553
2020-04-28,4788.9717
2020-04-29,4669.299
2020-04-30,4677.981
2020-05-01,4979.058
2020-05-02,4990.128
2020-05-03,5003.7686
2020-05-04,5016.669
2020-05-05,5042.9795
2020-05-06,5110.3545
2020-05-07,5167.6963
2020-05-08,5112.988
2020-05-09,5059.3486
2020-05-10,5074.9956
2020-05-11,5089.496
2020-05-12,5116.791
2020-05-13,5048.2827
2020-05-14,4932.179
2020-05-15,4747.3037
2020-05-16,4616.6206
2020-05-17,4610.302
2020-05-18,4603.7446
2020-05-19,4611.295
2020-05-20,4536.612
2020-05-21,4609.327
2020-05-22,4641.2407
2020-05-23,4674.789
2020-05-24,4710.3276
2020-05-25,4744.5864
2020-05-26,4791.6865
2020-05-27,4829.4873
2020-05-28,4814.8257
2020-05-29,5124.299
2020-05-30,5021.7803
2020-05-31,5060.592
2020-06-01,5098.1787
2020-06-02,5148.281
2020-06-03,5190.6953
2020-06-04,5577.028
2020-06-05,5581.782
2020-06-06,5517.538
2020-06-07,5572.812
2020-06-08,5627.971
2020-06-09,5696.5977
2020-06-10,5611.632
2020-06-11,5597.2686
2020-06-12,5480.8105
2020-06-13,5469.747
2020-06-14,5415.687
2020-06-15,5360.036
2020-06-16,5316.866
2020-06-17,5565.242
2020-06-18,5513.552
2020-06-19,5378.769
2020-06-20,5363.825
2020-06-21,5349.696
2020-06-22,5335.246
2020-06-23,5334.872
2020-06-24,5413.9053
2020-06-25,5484.272
2020-06-26,5501.208
2020-06-27,5425.5107
2020-06-28,5438.2515
2020-06-29,5450.6226
2020-06-30,5476.623
2020-07-01,5503.5386
2020-07-02,5596.377
2020-07-03,5662.543
2020-07-04,5662.9976
2020-07-05,5685.3296
2020-07-06,5705.9326
2020-07-07,5739.0996
2020-07-08,5794.6685
2020-07-09,5982.4336
2020-07-10,5882.829
2020-07-11,5974.392
2020-07-12,5965.367
2020-07-13,5955.7427
2020-07-14,5959.785
2020-07-15,5987.2803
2020-07-16,5929.583
2020-07-17,5955.043
2020-07-18,5896.8623
2020-07-19,5904.0347
2020-07-20,5910.2764
2020-07-21,5929.712
2020-07-22,5990.878
2020-07-23,5961.707
2020-07-24,5977.047
2020-07-25,5880.151
2020-07-26,5879.953
2020-07-27,5879.24
2020-07-28,5891.836
2020-07-29,5977.1006
2020-07-30,5919.9624
2020-07-31,6017.3857
2020-08-01,5991.068
2020-08-02,5967.2354
2020-08-03,5942.967
2020-08-04,5931.2163
2020-08-05,6012.827
2020-08-06,5998.5806
2020-08-07,6047.956
2020-08-08,5969.8096
2020-08-09,5950.1006
2020-08-10,5928.5586
2020-08-11,5919.894
2020-08-12,5973.4424
2020-08-13,6040.5713
2020-08-14,6072.224
2020-08-15,6167.079
2020-08-16,6154.237
2020-08-17,6140.9424
2020-08-18,6141.664
2020-08-19,6134.3955
2020-08-20,6095.4834
2020-08-21,6089.6133
2020-08-22,6085.412
2020-08-23,6083.293
2020-08-24,6080.036
2020-08-25,6089.632
2020-08-26,6140.4365
2020-08-27,6104.7754
2020-08-28,6346.0527
2020-08-29,6241.668
2020-08-30,6168.9287
2020-08-31,6095.0195
2020-09-01,6034.3
2020-09-02,6267.471
2020-09-03,6173.306
2020-09-04,6229.2246
2020-09-05,6111.762
2020-09-06,6081.118
2020-09-07,6050.3037
2020-09-08,6033.482
2020-09-09,6086.1836
2020-09-10,5991.772
2020-09-11,5577.127
2020-09-12,5666.69
2020-09-13,5713.705
2020-09-14,5759.284
2020-09-15,5817.6973
2020-09-16,5640.8193
2020-09-17,5524.873
2020-09-18,5525.0576
2020-09-19,5403.2407
2020-09-20,5394.6494
2020-09-21,5385.7036
2020-09-22,5390.7676
2020-09-23,5249.3047
2020-09-24,5293.56
2020-09-25,5237.035
2020-09-26,5396.478
2020-09-27,5372.255
2020-09-28,5347.77
2020-09-29,5336.95
2020-09-30,5338.1924
2020-10-01,5253.4204
2020-10-02,5398.2837
2020-10-03,5338.4834
2020-10-04,5346.529
2020-10-05,5353.68
2020-10-06,5373.252
2020-10-07,5549.4863
2020-10-08,5591.89
2020-10-09,5612.424
2020-10-10,5605.667
2020-10-11,5630.9106
2020-10-12,5655.309
2020-10-13,5693.1084
2020-10-14,5697.381
2020-10-15,5729.995
2020-10-16,5617.977
2020-10-17,5592.9375
2020-10-18,5637.9946
2020-10-19,5681.8384
2020-10-20,5738.7534
2020-10-21,5652.579
2020-10-22,5617.7095
2020-10-23,5632.5967
2020-10-24,5601.143
2020-10-25,5614.4746
2020-10-26,5626.6865
2020-10-27,5652.6924
2020-10-28,5632.325
2020-10-29,5626.337
2020-10-30,5627.8936
2020-10-31,5631.249
2020-11-01,5637.174
2020-11-02,5642.0947
2020-11-03,5660.8105
2020-11-04,5732.18
2020-11-05,5656.115
2020-11-06,5966.315
2020-11-07,6106.477
2020-11-08,6101.235
2020-11-09,6094.1777
2020-11-10,6100.265
2020-11-11,6287.0967
2020-11-12,6331.3135
2020-11-13,6211.755
2020-11-14,6179.3574
2020-11-15,6206.5435
2020-11-16,6233.4688
2020-11-17,6274.4844
2020-11-18,6345.5464
2020-11-19,6355.5366
2020-11-20,6396.8447
2020-11-21,6382.8916
2020-11-22,6385.573
2020-11-23,6387.145
2020-11-24,6401.7466
2020-11-25,6373.907
2020-11-26,6217.156
2020-11-27,6280.201
2020-11-28,6187.4614
2020-11-29,6129.3037
2020-11-30,6069.922
2020-12-01,6023.5127
2020-12-02,6205.922
2020-12-03,6245.917
2020-12-04,6252.062
2020-12-05,6183.5146
2020-12-06,6224.7695
2020-12-07,6265.6143
2020-12-08,6320.3486
2020-12-09,6297.422
2020-12-10,6338.218
2020-12-11,6386.198
2020-12-12,6537.551
2020-12-13,6565.3633
2020-12-14,6591.348
2020-12-15,6630.0547
2020-12-16,6603.8276
2020-12-17,6743.2256
2020-12-18,6722.8135
2020-12-19,6589.0654
2020-12-20,6595.7295
2020-12-21,6601.588
2020-12-22,6621.543
2020-12-23,6514.5825
2020-12-24,6513.1313
2020-12-25,6520.6855
2020-12-26,6530.688
2020-12-27,6543.6377
2020-12-28,6556.2637
2020-12-29,6582.711
2020-12-30,6575.8
2020-12-31,6573.389
2021-01-01,6585.1216
2021-01-02,6597.627
2021-01-03,6611.37
2021-01-04,6623.365
2021-01-05,6647.757
2021-01-06,6893.1646
2021-01-07,6742.749
2021-01-08,6756.0117
2021-01-09,6832.366
2021-01-10,6923.474
2021-01-11,7013.8467
2021-01-12,7117.874
2021-01-13,6943.979
2021-01-14,6894.044
2021-01-15,6794.397
2021-01-16,6729.8174
2021-01-17,6781.741
2021-01-18,6832.789
2021-01-19,6897.174
2021-01-20,6876.6895
2021-01-21,6865.3525
2021-01-22,6841.993
2021-01-23,6843.7217
2021-01-24,6828.5654
2021-01-25,6812.6284
2021-01-26,6810.292
2021-01-27,6609.351
2021-01-28,6570.5605
2021-01-29,6672.6187
2021-01-30,6538.497
2021-01-31,6559.5234
2021-02-01,6579.714
2021-02-02,6613.4316
2021-02-03,6600.473
2021-02-04,6616.008
2021-02-05,6642.6465
2021-02-06,6698.7217
2021-02-07,6700.912
2021-02-08,6701.337
2021-02-09,6714.7373
2021-02-10,6774.4766
2021-02-11,6705.4375
2021-02-12,6662.2554
2021-02-13,6639.782
2021-02-14,6619.81
2021-02-15,6599.4053
2021-02-16,6593.0146
2021-02-17,6730.971
2021-02-18,6683.8135
2021-02-19,6525.2227
2021-02-20,6611.13
2021-02-21,6602.5312
2021-02-22,6592.9326
2021-02-23,6596.231
2021-02-24,6634.824
2021-02-25,6529.734
2021-02-26,6507.1934
2021-02-27,6508.9185
2021-02-28,6613.8154
2021-03-01,6717.0537
2021-03-02,6833.409
2021-03-03,6806.2393
2021-03-04,6779.0195
2021-03-05,6507.01
2021-03-06,6579.581
2021-03-07,6553.579
2021-03-08,6527.0938
2021-03-09,6514.6177
2021-03-10,6409.967
2021-03-11,6495.709
2021-03-12,6521.9785
2021-03-13,6549.314
2021-03-14,6518.247
2021-03-15,6485.5234
2021-03-16,6465.4697
2021-03-17,6429.749
2021-03-18,6402.6816
2021-03-19,6486.952
2021-03-20,6534.2217
2021-03-21,6486.8423
2021-03-22,6438.8325
2021-03-23,6404.709
2021-03-24,6354.788
2021-03-25,6224.824
2021-03-26,6155.218
2021-03-27,6197.492
2021-03-28,6182.6323
2021-03-29,6167.5234
2021-03-30,6166.2207
2021-03-31,6207.298
2021-04-01,6029.193
2021-04-02,6038.5444
2021-04-03,6022.5283
2021-04-04,6007.8203
2021-04-05,5991.297
2021-04-06,5987.0186
2021-04-07,5998.2886
2021-04-08,6067.1104
2021-04-09,6033.8457
2021-04-10,6092.06
2021-04-11,6046.1426
2021-04-12,5999.31
2021-04-13,5966.03
2021-04-14,5905.1753
2021-04-15,6187.3096
2021-04-16,6158.4043
2021-04-17,6150.3433
2021-04-18,6147.9688
2021-04-19,6144.495
2021-04-20,6154.578
2021-04-21,6123.522
2021-04-22,6044.282
2021-04-23,6087.6235
2021-04-24,6252.9214
2021-04-25,6217.808
2021-04-26,6181.5728
2021-04-27,6159.2095
2021-04-28,6277.922
2021-04-29,6185.1367
2021-04-30,6268.5137
2021-05-01,6262.399
2021-05-02,6258.785
2021-05-03,6254.731
2021-05-04,6264.205
2021-05-05,6279.741
2021-05-06,6295.2163
2021-05-07,6293.1113
2021-05-08,6268.181
2021-05-09,6275.152
2021-05-10,6280.815
2021-05-11,6299.2715
2021-05-12,6360.1733
2021-05-13,6351.673
2021-05-14,6350.109
2021-05-15,6350.203
2021-05-16,6352.794
2021-05-17,6354.937
2021-05-18,6371.1245
2021-05-19,6269.986
2021-05-20,6217.9287
2021-05-21,6250.6855
2021-05-22,6232.234
2021-05-23,6224.176
2021-05-24,6215.123
2021-05-25,6219.113
2021-05-26,6254.308
2021-05-27,6204.341
2021-05-28,6160.676
2021-05-29,6226.121
2021-05-30,6236.7334
2021-05-31,6245.7686
2021-06-01,6267.681
2021-06-02,6313.0464
2021-06-03,6343.8154
2021-06-04,6469.029
2021-06-05,6446.196
2021-06-06,6429.457
2021-06-07,6412.6025
2021-06-08,6410.075
2021-06-09,6318.2456
2021-06-10,6405.3604
2021-06-11,6489.8555
2021-06-12,6343.9746
2021-06-13,6325.2363
2021-06-14,6304.964
2021-06-15,6297.4443
2021-06-16,6357.4844
2021-06-17,6262.7456
2021-06-18,6203.082
2021-06-19,6193.0713
2021-06-20,6165.6514
2021-06-21,6137.463
2021-06-22,6123.1636
2021-06-23,6211.8555
2021-06-24,6094.2183
2021-06-25,6071.3613
2021-06-26,6051.158
2021-06-27,6009.833
2021-06-28,5968.662
2021-06-29,5941.201
2021-06-30,5939.5186
2021-07-01,5913.7803
2021-07-02,5914.038
2021-07-03,5987.8047
2021-07-04,5993.7275
2021-07-05,5998.06
2021-07-06,6014.798
2021-07-07,5965.959
2021-07-08,5964.6567
2021-07-09,5912.043
2021-07-10,5913.615
2021-07-11,5960.666
2021-07-12,6006.858
2021-07-13,6066.7065
2021-07-14,5949.2754
2021-07-15,5885.4946
2021-07-16,6002.784
2021-07-17,5996.4146
2021-07-18,5963.4287
2021-07-19,5929.5815
2021-07-20,5909.0625
2021-07-21,5916.093
2021-07-22,5908.4004
2021-07-23,6045.1562
2021-07-24,5927.295
2021-07-25,5917.649
2021-07-26,5907.0586
2021-07-27,5909.828
2021-07-28,5913.9507
2021-07-29,5879.7275
2021-07-30,5935.02
2021-07-31,5866.6484
2021-08-01,5865.1147
2021-08-02,5862.8823
2021-08-03,5874.1963
2021-08-04,6058.5493
2021-08-05,6025.7197
2021-08-06,6197.219
2021-08-07,6060.752
2021-08-08,6073.6704
2021-08-09,6084.835
2021-08-10,6108.777
2021-08-11,6207.052
2021-08-12,6194.062
2021-08-13,6187.6396
2021-08-14,6288.8896
2021-08-15,6289.408
2021-08-16,6289.337
2021-08-17,6303.1377
2021-08-18,6392.704
2021-08-19,6468.3613
2021-08-20,6464.828
2021-08-21,6463.134
2021-08-22,6460.6675
2021-08-23,6457.2676
2021-08-24,6467.018
2021-08-25,6480.6865
2021-08-26,6469.6772
2021-08-27,6426.401
2021-08-28,6374.2134
2021-08-29,6389.412
2021-08-30,6403.166
2021-08-31,6429.973
2021-09-01,6415.712
2021-09-02,6416.312
2021-09-03,6385.5537
2021-09-04,6439.0205
2021-09-05,6429.2554
2021-09-06,6419.5796
2021-09-07,6423.8555
2021-09-08,6423.445
2021-09-09,6288.7637
2021-09-10,6412.125
2021-09-11,6363.5786
2021-09-12,6376.3022
2021-09-13,6388.002
2021-09-14,6412.2783
2021-09-15,6406.838
2021-09-16,6347.5537
2021-09-17,6348.0586
2021-09-18,6364.207
2021-09-19,6383.9453
2021-09-20,6403.2324
2021-09-21,6436.1084
2021-09-22,6348.817
2021-09-23,6402.286
2021-09-24,6425.366
2021-09-25,6431.677
2021-09-26,6434.8174
2021-09-27,6437.8955
2021-09-28,6455.0596
2021-09-29,6407.709
2021-09-30,6461.8916
2021-10-01,6870.408
2021-10-02,6642.744
2021-10-03,6712.5884
2021-10-04,6780.5327
2021-10-05,6860.9575
2021-10-06,6852.9136
2021-10-07,7070.921
2021-10-08,7049.0454
2021-10-09,7173.1836
2021-10-10,7162.1826
2021-10-11,7149.916
2021-10-12,7151.166
2021-10-13,7217.885
2021-10-14,7405.4414
2021-10-15,7619.6123
2021-10-16,7521.6787
